<?xml version="1.0" encoding="UTF-8"?>
<!DOCTYPE mapper
	PUBLIC "-//mybatis.org//DTD Mapper 3.0//EN"
	"https://mybatis.org/dtd/mybatis-3-mapper.dtd">
	
<mapper namespace="com.lgy.project_server.dao.GatDao">
	
	<select id="getGat" parameterType="String" resultType="hashmap">
		<![CDATA[
			SELECT * 
			FROM (
				SELECT * FROM gathering where gat_title like '%${search}%' ORDER BY GAT_VIEW DESC
			) WHERE ROWNUM < 6
		]]>
	</select>
	
	<select id="searchAll" resultType="hashmap">
		SELECT * FROM GATHERING ORDER BY GAT_VIEW DESC
	</select>
	
	<select id="getTotalPage" resultType="_int">
		SELECT COUNT(*) FROM GATHERING
	</select>
	
	<select id="getMemGat" parameterType="String" resultType="hashmap">
		SELECT * FROM GATHERING WHERE MEMBER_MEM_ID=#{id} ORDER BY GAT_VIEW DESC
	</select>
	
	<select id="locationGats" parameterType="String" resultType="hashmap">
		SELECT * FROM GATHERING WHERE GAT_LOCATION1=#{location1} AND GAT_LOCATION2=#{location2} ORDER BY GAT_VIEW DESC
	</select>
	
	<insert id="makeGat" parameterType="java.util.Map">
		INSERT INTO GATHERING(
				GAT_ID,
				MEMBER_MEM_ID,
				MEMBER_MEM_NNAME,
				GAT_TITLE,
				GAT_DESC,
				GAT_DATE,
				GAT_VIEW,
				GAT_MEMNUM,
				GAT_LOCATION1,
				GAT_LOCATION2,
				GAT_IMG_NAME1,
				GAT_IMG_NAME2,
				GAT_IMG_EXT,
				GAT_IMG_BYTE)
			VALUES(
				GATHERING_SEQ.NEXTVAL,
				#{mem_id},
				#{mem_nName},
				#{title},
				#{desc},
				SYSDATE,
				0,
				1,
				#{location1},
				#{location2},
				#{file1},
				#{file2},
				#{fileExt},
				${fileSize})
	</insert>
	
	<insert id="makeGatNoFile" parameterType="java.util.Map">
		INSERT INTO GATHERING(
				GAT_ID,
				MEMBER_MEM_ID,
				MEMBER_MEM_NNAME,
				GAT_TITLE,
				GAT_DESC,
				GAT_DATE,
				GAT_VIEW,
				GAT_MEMNUM,
				GAT_LOCATION1,
				GAT_LOCATION2,
				GAT_IMG_NAME1)
			VALUES(
				GATHERING_SEQ.NEXTVAL,
				#{mem_id},
				#{mem_nName},
				#{title},
				#{desc},
				SYSDATE,
				0,
				1,
				#{location1},
				#{location2},
				'noImg')
	</insert>
	
</mapper>