<?xml version="1.0" encoding="UTF-8"?>
<!DOCTYPE mapper
	PUBLIC "-//mybatis.org//DTD Mapper 3.0//EN"
	"https://mybatis.org/dtd/mybatis-3-mapper.dtd">
	
<mapper namespace="com.lgy.spring_react_meeting_list_details.dao.MlistDao">
	
	<select id="contentView" parameterType="String" resultType="com.lgy.spring_react_meeting_list_details.dto.MlistDto">
    	SELECT "id", "date", "title", "content", "comments", "schedule", "member" FROM MEETING_LIST_DETAILS WHERE "id"=#{id}
    </select>
    
    <update id="modify" parameterType="hashmap">
    	UPDATE MEETING_LIST_DETAILS SET "title"=#{title}, "content"=#{content} WHERE "id"=#{id}
    </update>
    
    <delete id="delete" parameterType="hashmap">
    	DELETE FROM MEETING_LIST_DETAILS WHERE "id"=#{id}
    </delete>
    
    <insert id="addComment" parameterType="com.lgy.spring_react_meeting_list_details.dto.MlistDto">
    	INSERT INTO MEETING_LIST_DETAILS ("id", "comments", "date") VALUES (#{id}, #{comments}, #{date})
	</insert>
	
	<insert id="joinMeeting" parameterType="com.lgy.spring_react_meeting_list_details.dto.MlistDto">
    	INSERT INTO MEETING_LIST_DETAILS ("member") VALUES (#{id})
	</insert>
	
</mapper>