<?xml version="1.0" encoding="UTF-8"?>
<!DOCTYPE mapper
	PUBLIC "-//mybatis.org//DTD Mapper 3.0//EN"
	"https://mybatis.org/dtd/mybatis-3-mapper.dtd">
	
<mapper namespace="com.lgy.spring_react.dao.TempDao">
	<select id="list" parameterType="String" resultType="com.lgy.spring_react.dto.TempDto">
		SELECT id,EMAIL,NAME,BIRTH,ADDR,ADDR2 FROM SEARCH WHERE id=#{value}
	</select>
	<select id="list"  resultType="com.lgy.spring_react.dto.BoardDto">
		SELECT * FROM BOARDD
		
	</select>
	
<!-- 	<select id="getUserPw" parameterType="String" resultType="String"> -->
<!-- 		SELECT mem_pwd FROM MEMBER_GREEN WHERE id=#{value} -->
<!-- 	</select> -->
<!-- 	<delete id="UserDelete" parameterType="String"> -->
<!--    		DELETE FROM MEMBER_GREEN WHERE id=#{value} -->
<!-- 	</delete> -->
</mapper>